<?xml version="1.0" encoding="UTF-8"?>
<addon id="plugin.video.myvideolinks" version="5.0.9" name="Prime Links" provider-name="Mr Entertainment">
    <requires>
        <import addon="xbmc.python" version="2.1.0"/>
        <import addon="script.module.TheYid.common" version="0.1.1"/>
        <import addon="script.module.urlresolver"  version="2.0.9"/>
        <import addon="script.module.simplejson" version="3.3.0"/>
    </requires>
    <extension point="xbmc.python.pluginsource" library="default.py">
        <provides>video</provides>
    </extension>
    <extension point="xbmc.addon.metadata">
        <summary>Stream Films from Prime Links</summary>
        <description>Stream a wide selection of movies and tv shows from Prime Links great 3D 1080p mp4 and mkv old and new movies...</description>
        <platform>all</platform>
    </extension>
</addon>
