<?xml version="1.0" encoding="UTF-8"?>
<addon id="plugin.video.tvonlineER" version="0.0.5" name="TvOnline" provider-name="Mr Entertainment">
    <requires>
        <import addon="xbmc.python" version="2.1.0"/>
        <import addon="script.module.TheYid.common" version="0.1.1"/>
        <import addon="script.module.urlresolver"  version="2.0.9"/>
    </requires>
    <extension point="xbmc.python.pluginsource" library="default.py">
        <provides>video</provides>
    </extension>
    <extension point="xbmc.addon.metadata">
        <summary>Every Tv Show ever made</summary>
        <description>Every Tv Show ever made</description>
        <platform>all</platform>
        <disclaimer lang="en">Tvonline is a free TV streaming site online. You can watch TV Shows online free without downloading. Here you can watch latest TV Shows online free. We do not host and upload any videos. All the TV Shows on this website are hosted on the third party sites and uploaded by other people. We are not responsible for any content that hosted on on the third-party sites. If you have any legal issues please contact appropriate video owners hosters.</disclaimer>
    </extension>
</addon>
