<?xml version="1.0" encoding="UTF-8" standalone="yes"?>
	<addon
        id="plugin.audio.beats1radio" 
        name="Beats 1 Raido" 
        version="0.0.1" 
        provider-name="Mr Entertainment">
		<requires>
			<import addon="xbmc.python"             	version="2.1.0"/>
			<import addon="xbmc.addon"              	version="12.1.0"/>
		</requires>
		<extension point="xbmc.python.pluginsource" library="default.py">
			<provides>audio</provides>
		</extension>
		<extension point="xbmc.addon.metadata">
			<summary lang="en">Not just radio reimagined</summary>
			<description lang="en">Tune in to Beats 1, broadcast live from cities around the globe. Zane Lowe and his handpicked team of renowned DJs create an eclectic mix of the latest and best in music. Or dial in to curated stations that have been totally revamped.</description>
			<disclaimer lang="en">We do not own or publish the content delivered by the plugin</disclaimer>
			<platform>all</platform>
			<license>GNU GENERAL PUBLIC LICENSE. Version 3, June 2007</license>
			<language>en</language>
			<forum></forum>
			<website>https://www.apple.com/music/radio/</website>
			<email></email>
			<source>https://www.apple.com/music/radio/</source>
		</extension>
	</addon>